1	山本	234	男	2006-09-14 00:00:00.000
2	yang4	56	男	2021-09-04 02:59:30.953
3	yang３	56	男	2021-09-04 02:59:34.087
4	yang２	56	男	2021-09-04 03:47:40.260
5	yang１	100	女	2021-09-04 03:47:42.050
6	③	56	男	2021-09-04 03:47:43.480
7	yang②	56	男	2021-09-04 17:03:56.200
8	yang①	56	男	2021-09-04 17:03:56.200
9	向阳	25	男	2021-11-03 15:06:50.997
11	10	56	女	2021-12-12 00:00:00.000
12	xiao	26	女	2021-12-11 15:04:50.333
13	历史	100	男	2021-09-04 17:03:56.200
14	历史	100	男	2021-09-04 17:03:56.200
15	历史	100	男	2021-09-04 17:03:56.200
